out,in,benefits_Bs_2014,benefits_USD_2014
RE,LG1,21276811.72,233939.656074766
RE,LG2,16744982.41,184111.956129742
RE,LG2,10046989.44,110467.173611875
RE,LG3,3354249.226,36880.1454205607
RE,LG4,12096000,132996.151731721
RE,LG5,4838400,53198.4606926883
RE,LG5,4838400,53198.4606926883
RE,LG6,2016000,22166.0252886201
RE,LG7,5590415.376,61466.9090269379
RE,LG8,5590415.376,61466.9090269379
RE,LG9,7363978.339,80967.3264321055
RE,LG10,982711.2004,10804.9609719626
SU,LG11,5123003.788,56327.6942056075
SU,LG11,2049201.515,22531.077680044
RE,LG11,2049201.515,22531.077680044
SU,LG12,485827.216,5341.69561297416
SU,LG12,97165.4432,1068.33912259483
RE,LG12,97165.4432,1068.33912259483
RE,LG13,1368440.255,15046.0720725673
RE,LG14,1215841.061,13368.2359648158
SU,LG15,4800612.368,52782.9837053326
SU,LG15,1600204.123,17594.3279054425
RE,LG15,1600204.123,17594.3279054425
SU,LG16,1759366.482,19344.3263551402
SU,LG16,1055619.889,11606.5958108851
RE,LG17,1609196.445,17693.19895547
SU,LG17,643678.5779,7077.27958108851
RE,LG18,45766.482,503.204859813084
SU,LG18,27459.8892,301.92291588785
RE,LG19,24192000,265992.303463441
RE,LG20,15120000,166245.189664651
SU,LG21,244390.608,2687.08749862562
SU,LG21,162927.072,1791.39166575041
RE,LG22,2721600,29924.1341396372
SU,LG22,1632960,17954.4804837823
RE,LG22,1088640,11969.6536558549
RE,LG23,2532270.132,27842.4423529412
SU,LG23,1519362.079,16705.4654095657
RE,LG23,1012908.053,11136.9769433755
RE,LG24,3047327.64,33505.5265530511
SU,LG24,1828396.584,20103.3159318307
RE,LG25,4838400,53198.4606926883
RE,LG26,1821354.965,20025.8929631666
RE,LG26,1092812.979,12015.5357778999
SU,LG26,364270.993,4005.17859263332
SU,LG27,4701124.613,51689.1106432106
SU,LG27,1410337.384,15506.7331940627
RE,LG27,470112.4613,5168.91106432106
RE,LG28,13104000,144079.164376031
SU,LG28,7862400,86447.4986256185
SU,LG28,2620800,28815.8328752062
RE,LG28,2620800,28815.8328752062
RE,LG29,17136000,188411.214953271
SU,LG30,2776005.859,30522.3294007697
SU,LG30,1110402.344,12208.9317647059
RE,LG31,581132.964,6389.58728971963
RE,LG32,22982400,252692.688290269
RE,LG33,1558415.376,17134.8584496976
RE,LG33,467524.6128,5140.45753490929
SU,LG33,155841.5376,1713.48584496976
RE,LG34,3642709.93,40051.7859263332
RE,LG35,5253870.132,57766.5764925783
SU,LG35,3152322.079,34659.945893348
RE,LG35,2101548.053,23106.6305992303
SU,LG36,2448000,26915.8878504673
SU,LG36,1468800,16149.5327102804
RE,LG36,979200,10766.3551401869
RE,LG37,3159578.89,34739.7349092908
RE,LG38,1336346.256,14693.1968774052
SU,LG39,5012887.656,55116.9615832875
SU,LG39,3007732.594,33070.1769543705
SU,LG39,1503866.297,16535.0884771853
RE,LG40,3132811.718,34445.4284551952
RE,LG41,7560000,83122.5948323255
SU,LG41,7560000,83122.5948323255
RE,LG42,3628800,39898.8455195162
SU,LG42,3628800,39898.8455195162
RE,LG43,2419200,26599.2303463441
SU,LG43,2419200,26599.2303463441
RE,LG44,9072000,99747.1137987905
SU,LG44,9072000,99747.1137987905
PV,DO,130962978.7,1439944.79054426
PV,DO,36378605.2,399984.664101154
PV,DO,14551442.08,159993.865640462
DS,LG1,2693750.774,29617.9304452996
DS,LG2,4489584.624,49363.2174161627
DS,LG3,2693750.774,29617.9304452996
DS,LG7,4489584.624,49363.2174161627
DS,LG8,4489584.624,49363.2174161627
DS,LG9,2693750.774,29617.9304452996
DS,LG10,567324.9792,6237.76777570093
DS,LG11,8979169.248,98726.4348323255
DS,LG12,22411422.43,246414.76008796
DS,LG13,3262118.63,35867.1647058823
DS,LG14,1090327.694,11988.2099395272
DS,LG15,5387501.549,59235.8609015943
DS,LG16,2180655.389,23976.4198900495
DS,LG17,203882.4144,2241.69779439252
DS,LG18,2180655.389,23976.4198900495
DS,LG21,19345364.64,212703.294557449
DS,LG23,5387501.549,59235.8609015943
DS,LG24,2190041.28,24079.6182517867
DS,LG26,2693750.774,29617.9304452996
DS,LG27,2693750.774,29617.9304452996
DS,LG30,2693750.774,29617.9304452996
DS,LG32,2180655.389,23976.4198900495
DS,LG33,8979169.248,98726.4348323255
DS,LG34,2693750.774,29617.9304452996
DS,LG35,5387501.549,59235.8609015943
DS,LG37,2693750.774,29617.9304452996
DS,LG38,1445427.245,15892.5480483782
DS,LG39,2409045.408,26487.5800769654
DS,LG40,2693750.774,29617.9304452996
DS,LG1,194670.336,2140.41051126993
DS,LG2,324450.56,3567.35085211655
DS,LG9,194670.336,2140.41051126993
DS,LG10,160052.62,1759.78691588785
DS,LG11,638762.04,7023.22199010445
DS,LG12,1601974.64,17613.7948323255
DS,LG13,233923.06,2571.99626168224
DS,LG14,78795.136,866.356635514019
DS,LG15,383257.224,4213.93319406267
DS,LG16,155127.924,1705.63962616822
DS,LG17,4924.696,54.1472897196262
DS,LG18,155127.924,1705.63962616822
DS,LG23,383257.224,4213.93319406267
DS,LG24,182503.44,2006.63485431556
DS,LG26,194670.336,2140.41051126993
DS,LG30,194670.336,2140.41051126993
DS,LG32,155127.924,1705.63962616822
DS,LG34,194670.336,2140.41051126993
DS,LG35,383257.224,4213.93319406267
DS,LG37,194670.336,2140.41051126993
DS,LG38,401507.568,4414.59667949423
DS,LG39,669179.28,7357.66113249038
DS,LG40,194670.336,2140.41051126993
DS,LG1,26767.1712,294.306445299615
DS,LG8,0,0
DS,LG9,29200.5504,321.061576690489
DS,LG11,296061.136,3255.20765255635
DS,LG12,214948.496,2363.36993952721
DS,LG13,31518.0544,346.542654205607
DS,LG14,63036.1088,693.085308411215
DS,LG16,20683.7232,227.41861682243
DS,LG18,20683.7232,227.41861682243
DS,LG23,51100.9632,561.857759208356
DS,LG26,121668.96,1337.75656954371
DS,LG30,26767.1712,294.306445299615
DS,LG32,20683.7232,227.41861682243
DS,LG34,121668.96,1337.75656954371
DS,LG35,51100.9632,561.857759208356
DS,LG38,318772.6752,3504.92221220451
DS,LG40,26767.1712,294.306445299615
PV,FS1,120698,1327.08081363386
PV,FS2,188698,2074.74436503573
PV,FS3,109698,1206.13523914239
PV,FS3,188698,2074.74436503573
PV,FS4,188698,2074.74436503573
PV,FS5,188698,2074.74436503573
PV,FS6,188698,2074.74436503573
PV,FS7,188698,2074.74436503573
PV,FS8,109698,1206.13523914239
PV,FS8,188698,2074.74436503573
PV,FS9,188698,2074.74436503573
PV,FS10,188698,2074.74436503573
PV,FS11,188698,2074.74436503573
PV,FS12,188698,2074.74436503573
PV,FS13,109698,1206.13523914239
PV,FS13,188698,2074.74436503573
PV,FS14,188698,2074.74436503573
PV,FS15,188698,2074.74436503573
PV,FS16,188698,2074.74436503573
PV,FS17,188698,2074.74436503573
PV,FS18,188698,2074.74436503573
PV,FS19,188698,2074.74436503573
PV,FS20,109698,1206.13523914239
PV,FS20,188698,2074.74436503573
PV,FS21,188698,2074.74436503573
PV,FS22,188698,2074.74436503573
PV,FS23,188698,2074.74436503573
PV,FS24,188698,2074.74436503573
PV,FS25,188698,2074.74436503573
PV,FS26,188698,2074.74436503573
PV,FS27,109698,1206.13523914239
PV,FS27,188698,2074.74436503573
PV,FS28,188698,2074.74436503573
PV,FS29,188698,2074.74436503573
PV,FS30,188698,2074.74436503573
PV,FS31,188698,2074.74436503573
PV,FS32,188698,2074.74436503573
PV,FS33,188698,2074.74436503573
PV,FS34,188698,2074.74436503573
PV,FS35,188698,2074.74436503573
PV,FS36,188698,2074.74436503573
PV,FS37,109698,1206.13523914239
PV,FS37,188698,2074.74436503573
PV,FS38,188698,2074.74436503573
PV,FS39,188698,2074.74436503573
PV,FS40,109698,1206.13523914239
PV,FS40,188698,2074.74436503573
PV,FS41,188698,2074.74436503573
PV,FS42,188698,2074.74436503573
PV,FS43,188698,2074.74436503573
PV,FS44,188698,2074.74436503573
PV,FS44,109698,1206.13523914239
PV,FS45,188698,2074.74436503573
PV,FS46,188698,2074.74436503573
PV,FS47,188698,2074.74436503573
PV,FS48,109698,1206.13523914239
PV,FS48,188698,2074.74436503573
PV,FS49,109698,1206.13523914239
PV,FS50,188698,2074.74436503573
PV,FS51,188698,2074.74436503573
PV,FS52,188698,2074.74436503573
PV,FS53,129898,1428.23529411765
PV,FS53,109698,1206.13523914239
PV,FS54,188698,2074.74436503573
PV,FS55,109698,1206.13523914239
PV,FS55,188698,2074.74436503573
PV,FS56,188698,2074.74436503573
PV,FS57,188698,2074.74436503573
PV,FS58,188698,2074.74436503573
PV,FS58,109698,1206.13523914239
PV,FS59,188698,2074.74436503573
PV,FS60,109698,1206.13523914239
PV,FS61,188698,2074.74436503573
PV,FS62,188698,2074.74436503573
PV,FS63,188698,2074.74436503573
PV,FS64,188698,2074.74436503573
PV,FS64,109698,1206.13523914239
PV,FS65,188698,2074.74436503573
PV,FS66,188698,2074.74436503573
FS1,FP1,80000,879.604178119846
FS2,FP1,148000,1627.26772952172
FS3,DT,69000,758.658603628367
FS3,FP2,148000,1627.26772952172
FS4,FP1,148000,1627.26772952172
FS5,FP2,148000,1627.26772952172
FS6,FP2,148000,1627.26772952172
FS7,FP1,148000,1627.26772952172
FS8,DT,69000,758.658603628367
FS8,FP2,148000,1627.26772952172
FS9,FP1,148000,1627.26772952172
FS10,FP2,148000,1627.26772952172
FS11,FP1,148000,1627.26772952172
FS12,FP1,148000,1627.26772952172
FS13,DT,69000,758.658603628367
FS13,FP2,148000,1627.26772952172
FS14,FP2,148000,1627.26772952172
FS15,FP1,148000,1627.26772952172
FS16,FP2,148000,1627.26772952172
FS17,FP1,148000,1627.26772952172
FS18,FP1,148000,1627.26772952172
FS19,FP2,148000,1627.26772952172
FS20,DT,69000,758.658603628367
FS20,FP2,148000,1627.26772952172
FS21,FP1,148000,1627.26772952172
FS22,FP2,148000,1627.26772952172
FS23,FP1,148000,1627.26772952172
FS24,FP1,148000,1627.26772952172
FS25,FP2,148000,1627.26772952172
FS26,FP1,148000,1627.26772952172
FS27,DT,69000,758.658603628367
FS27,FP2,148000,1627.26772952172
FS28,FP1,148000,1627.26772952172
FS29,FP1,148000,1627.26772952172
FS30,FP1,148000,1627.26772952172
FS31,FP1,148000,1627.26772952172
FS32,FP1,148000,1627.26772952172
FS33,FP2,148000,1627.26772952172
FS34,FP1,148000,1627.26772952172
FS35,FP2,148000,1627.26772952172
FS36,FP1,148000,1627.26772952172
FS37,DT,69000,758.658603628367
FS37,FP1,148000,1627.26772952172
FS38,FP2,148000,1627.26772952172
FS39,FP1,148000,1627.26772952172
FS40,DT,69000,758.658603628367
FS40,FP1,148000,1627.26772952172
FS41,FP2,148000,1627.26772952172
FS42,FP1,148000,1627.26772952172
FS43,FP1,148000,1627.26772952172
FS44,FP1,148000,1627.26772952172
FS44,DT,69000,758.658603628367
FS45,FP1,148000,1627.26772952172
FS46,FP2,148000,1627.26772952172
FS47,FP1,148000,1627.26772952172
FS48,DT,69000,758.658603628367
FS48,FP1,148000,1627.26772952172
FS49,DT,69000,758.658603628367
FS50,FP1,148000,1627.26772952172
FS51,FP1,148000,1627.26772952172
FS52,FP2,148000,1627.26772952172
FS53,DT,89200,980.758658603628
FS53,DT,69000,758.658603628367
FS54,FP2,148000,1627.26772952172
FS55,DT,69000,758.658603628367
FS55,FP1,148000,1627.26772952172
FS56,FP2,148000,1627.26772952172
FS57,FP1,148000,1627.26772952172
FS58,FP1,148000,1627.26772952172
FS58,DT,69000,758.658603628367
FS59,FP1,148000,1627.26772952172
FS60,DT,69000,758.658603628367
FS61,FP2,148000,1627.26772952172
FS62,FP1,148000,1627.26772952172
FS63,FP1,148000,1627.26772952172
FS64,FP2,148000,1627.26772952172
FS64,DT,69000,758.658603628367
FS65,FP1,148000,1627.26772952172
FS66,FP1,148000,1627.26772952172
FS1,NS1,40698,447.476635514019
FS2,NS2,40698,447.476635514019
FS3,NS3,40698,447.476635514019
FS3,NS1,40698,447.476635514019
FS4,NS2,40698,447.476635514019
FS5,NS3,40698,447.476635514019
FS6,NS1,40698,447.476635514019
FS7,NS2,40698,447.476635514019
FS8,NS3,40698,447.476635514019
FS8,NS1,40698,447.476635514019
FS9,NS2,40698,447.476635514019
FS10,NS3,40698,447.476635514019
FS11,NS1,40698,447.476635514019
FS12,NS2,40698,447.476635514019
FS13,NS3,40698,447.476635514019
FS13,NS1,40698,447.476635514019
FS14,NS2,40698,447.476635514019
FS15,NS3,40698,447.476635514019
FS16,NS1,40698,447.476635514019
FS17,NS2,40698,447.476635514019
FS18,NS3,40698,447.476635514019
FS19,NS1,40698,447.476635514019
FS20,NS2,40698,447.476635514019
FS20,NS3,40698,447.476635514019
FS21,NS1,40698,447.476635514019
FS22,NS2,40698,447.476635514019
FS23,NS3,40698,447.476635514019
FS24,NS1,40698,447.476635514019
FS25,NS2,40698,447.476635514019
FS26,NS3,40698,447.476635514019
FS27,NS1,40698,447.476635514019
FS27,NS2,40698,447.476635514019
FS28,NS3,40698,447.476635514019
FS29,NS1,40698,447.476635514019
FS30,NS2,40698,447.476635514019
FS31,NS3,40698,447.476635514019
FS32,NS1,40698,447.476635514019
FS33,NS2,40698,447.476635514019
FS34,NS3,40698,447.476635514019
FS35,NS1,40698,447.476635514019
FS36,NS2,40698,447.476635514019
FS37,NS3,40698,447.476635514019
FS37,NS1,40698,447.476635514019
FS38,NS2,40698,447.476635514019
FS39,NS3,40698,447.476635514019
FS40,NS1,40698,447.476635514019
FS40,NS2,40698,447.476635514019
FS41,NS3,40698,447.476635514019
FS42,NS1,40698,447.476635514019
FS43,NS2,40698,447.476635514019
FS44,NS3,40698,447.476635514019
FS44,NS1,40698,447.476635514019
FS45,NS2,40698,447.476635514019
FS46,NS3,40698,447.476635514019
FS47,NS1,40698,447.476635514019
FS48,NS2,40698,447.476635514019
FS48,NS3,40698,447.476635514019
FS49,NS1,40698,447.476635514019
FS50,NS2,40698,447.476635514019
FS51,NS3,40698,447.476635514019
FS52,NS1,40698,447.476635514019
FS53,NS2,40698,447.476635514019
FS53,NS3,40698,447.476635514019
FS54,NS1,40698,447.476635514019
FS55,NS2,40698,447.476635514019
FS55,NS3,40698,447.476635514019
FS56,NS1,40698,447.476635514019
FS57,NS2,40698,447.476635514019
FS58,NS3,40698,447.476635514019
FS58,NS1,40698,447.476635514019
FS59,NS2,40698,447.476635514019
FS60,NS3,40698,447.476635514019
FS61,NS1,40698,447.476635514019
FS62,NS2,40698,447.476635514019
FS63,NS3,40698,447.476635514019
FS64,NS1,40698,447.476635514019
FS64,NS2,40698,447.476635514019
FS65,NS3,40698,447.476635514019
FS66,NS1,40698,447.476635514019
NS1,DT,384596100,4228654.20560748
NS2,DT,384596100,4228654.20560748
NS3,DT,384596100,4228654.20560748
NS1,DT,384596100,4228654.20560748
NS2,DT,384596100,4228654.20560748
NS3,DT,384596100,4228654.20560748
GM,TB1,1907500,20973.0621220451
GM,TB2,817500,8988.45519516218
FP1,LG1,248040,2727.21275426058
FP2,LG1,248040,2727.21275426058
FP1,LG2,1170000,12864.2111050028
FP1,LG3,248040,2727.21275426058
FP2,LG3,248040,2727.21275426058
FP1,LG4,1170000,12864.2111050028
FP1,LG5,156000,1715.2281473337
FP2,LG5,156000,1715.2281473337
FP1,LG6,234000,2572.84222100055
FP2,LG6,234000,2572.84222100055
FP1,LG7,248040,2727.21275426058
FP2,LG7,248040,2727.21275426058
FP1,LG8,248040,2727.21275426058
FP2,LG8,248040,2727.21275426058
FP1,LG9,390000,4288.07036833425
FP2,LG9,390000,4288.07036833425
FP1,LG10,234000,2572.84222100055
FP1,LG11,312000,3430.4562946674
FP2,LG11,312000,3430.4562946674
FP1,LG12,117000,1286.42111050027
FP2,LG12,117000,1286.42111050027
FP1,LG13,248040,2727.21275426058
FP2,LG13,248040,2727.21275426058
FP1,LG14,248040,2727.21275426058
FP2,LG14,248040,2727.21275426058
FP1,LG15,195000,2144.03518416712
FP2,LG15,195000,2144.03518416712
FP1,LG16,624000,6860.9125893348
FP2,LG16,624000,6860.9125893348
P17,LG17,234000,2572.84222100055
FP1,LG18,468000,5145.6844420011
FP2,LG18,468000,5145.6844420011
FP1,LG19,234000,2572.84222100055
FP1,LG20,248040,2727.21275426058
FP2,LG20,248040,2727.21275426058
FP1,LG21,78000,857.61407366685
FP2,LG21,78000,857.61407366685
FP1,LG22,234000,2572.84222100055
FP2,LG22,234000,2572.84222100055
FP1,LG23,1404000,15437.0533260033
FP1,LG24,195000,2144.03518416712
FP2,LG24,195000,2144.03518416712
FP1,LG25,312000,3430.4562946674
FP2,LG25,312000,3430.4562946674
FP1,LG26,78000,857.61407366685
FP2,LG26,78000,857.61407366685
FP1,LG27,248040,2727.21275426058
FP2,LG27,248040,2727.21275426058
FP1,LG28,1092000,12006.5970313359
FP1,LG29,312000,3430.4562946674
FP2,LG29,312000,3430.4562946674
FP1,LG30,496080,5454.42550852117
FP1,LG31,156000,1715.2281473337
FP2,LG31,156000,1715.2281473337
FP1,LG32,248040,2727.21275426058
FP2,LG32,248040,2727.21275426058
FP1,LG33,248040,2727.21275426058
FP2,LG33,248040,2727.21275426058
FP1,LG34,234000,2572.84222100055
FP1,LG35,248040,2727.21275426058
FP2,LG35,248040,2727.21275426058
FP1,LG36,156000,1715.2281473337
FP2,LG36,156000,1715.2281473337
FP1,LG37,248040,2727.21275426058
FP2,LG37,248040,2727.21275426058
FP1,LG38,312000,3430.4562946674
FP1,LG39,468000,5145.6844420011
FP1,LG40,248040,2727.21275426058
FP2,LG40,248040,2727.21275426058
FP1,LG41,156000,1715.2281473337
FP1,LG42,156000,1715.2281473337
FP1,LG43,156000,1715.2281473337
FP1,LG44,156000,1715.2281473337
SU,RE,264123932.6,2904056.43320506
RE,PV,19876400,218542.056074766
RE,SU,727122269.5,7994747.32820231
SU,PV,727122269.5,7994747.32820231
